Model,Base_Model,Model_Type,Dataset,N_Images,Accuracy,Precision,Recall,F1_Score,IoU,Dice,Specificity,IoU_Std,IoU_Min,IoU_Max,IoU_Median,Inference_Time_ms
resunet_advanced_finetuned,resunet_advanced,finetuned,DTS,366,0.9877348675753901,0.954195096571421,0.9186371541028011,0.9312372770990317,0.8835906228404923,0.9312372770990317,0.99573506278847,0.12463680878158677,0.0,0.988235414891542,0.9142655574413101,93.19325269199908
resunet_advanced_finetuned,resunet_advanced,finetuned,SpheroSeg,653,0.994057776551882,0.9860343276381661,0.9515388888932373,0.9665234243028173,0.9383196525159985,0.9665234243028173,0.9976044940155198,0.07209867780374081,0.3069683826888222,0.9913726698505624,0.9617069944331148,93.19325269199908
resunet_advanced_pretrained,resunet_advanced,pretrained,DTS,366,0.9902180661269224,0.9596866022417787,0.9421295559111398,0.945701364028223,0.906347107651529,0.945701364028223,0.9956510485821659,0.11398508051284204,0.0,0.9873069362538612,0.9392359666427694,93.3998405188322
resunet_advanced_pretrained,resunet_advanced,pretrained,SpheroSeg,653,0.9937571661395647,0.986264221820622,0.9481231177589589,0.9647326077091014,0.9351681677884675,0.9647326077091014,0.9974581723563497,0.07440735149872366,0.313492141453831,0.990741810062748,0.9586300812371844,93.3998405188322
resunet_advanced_mini_finetuned,resunet_advanced_mini,finetuned,DTS,366,0.9877507934153406,0.959461441562264,0.9056690715353268,0.9224843037934,0.8730039708536874,0.9224843037934,0.9959833283132189,0.14417429106739788,0.0,0.989846463732966,0.9124516307723448,55.05112608894706
resunet_advanced_mini_finetuned,resunet_advanced_mini,finetuned,SpheroSeg,653,0.9938099687351385,0.9800245662575544,0.9584223911822646,0.9673558760595116,0.939252621868459,0.9673558760595116,0.9964648785741017,0.06542748702223662,0.4032140033102662,0.9927033999460936,0.9620186742804228,55.05112608894706
resunet_advanced_mini_pretrained,resunet_advanced_mini,pretrained,DTS,366,0.9894134802896468,0.962025275128391,0.9312493903842739,0.94122458616412,0.8979820859036851,0.94122458616412,0.9960024936596632,0.11233699561244832,0.0,0.989235075200689,0.929679700221199,55.012404904700816
resunet_advanced_mini_pretrained,resunet_advanced_mini,pretrained,SpheroSeg,653,0.9931173047099325,0.979597300315545,0.9506984940374884,0.9628105552567505,0.9315550441179555,0.9628105552567505,0.996476679487639,0.07481082580366409,0.4661370350998713,0.9909846644397208,0.9577273018517332,55.012404904700816
lightm_unet_finetuned,lightm_unet,finetuned,DTS,366,0.987022259196297,0.95151446854616,0.9160818415471166,0.9256113669428144,0.8744459912185527,0.9256113669428144,0.9952396582824946,0.13596672868552065,0.0,0.9885739243145764,0.9225063769106205,171.45915222354233
lightm_unet_finetuned,lightm_unet,finetuned,SpheroSeg,653,0.9934373873116229,0.9942263494771344,0.9345341146833668,0.9612008830876364,0.9294703705839211,0.9612008830876364,0.999116993384717,0.08365007970067517,0.3745906589225308,0.9916488706008992,0.9570529318738564,171.45915222354233
lightm_unet_pretrained,lightm_unet,pretrained,DTS,366,0.9872890013814624,0.9598061996510188,0.9101443556111629,0.9279073065273385,0.8761170801310207,0.9279073065273385,0.9955845233468654,0.12438161916492459,0.0,0.988848160157902,0.9199035167970551,172.4145431118086
lightm_unet_pretrained,lightm_unet,pretrained,SpheroSeg,653,0.9924301159144543,0.9948752409348351,0.9193952296563833,0.9536244953883418,0.9151001314069603,0.9536244953883418,0.9992191465688786,0.08040870890183091,0.4650278817726938,0.9924789120882646,0.941257258092556,172.4145431118086
unet_finetuned,unet,finetuned,DTS,366,0.9879029357368178,0.9518655547637687,0.920292632425156,0.9288135481522071,0.8794735225810545,0.9288135481522071,0.9952197328348914,0.12985063927798773,0.0,0.9877997345979364,0.9190175226260122,44.32194319553673
unet_finetuned,unet,finetuned,SpheroSeg,653,0.9941807946968955,0.990233114996147,0.9449088312751811,0.9654255601145858,0.9359190645078996,0.9654255601145858,0.9983309040163016,0.06861636518007924,0.3836888548692249,0.99140654873312,0.958339141505664,44.32194319553673
unet_pretrained,unet,pretrained,DTS,366,0.9895708443688565,0.9576602758211931,0.9353198870498654,0.9401916636591487,0.8982916221033616,0.9401916636591487,0.9956553914676861,0.12605489952990737,0.0,0.9887453362523512,0.9404198203764806,44.11287812050432
unet_pretrained,unet,pretrained,SpheroSeg,653,0.9949349656039321,0.983308679073965,0.9612087589487902,0.9710013312929122,0.9456994879845915,0.9710013312929122,0.9979039563147476,0.059734680127944625,0.425940608332132,0.9916291502532358,0.9644070099171308,44.11287812050432
cbam_unet_finetuned,cbam_unet,finetuned,DTS,366,0.9888324476982076,0.9594255193184669,0.9330404548080267,0.9406453990411175,0.8973551930830562,0.9406453990411175,0.995666283064877,0.11008407686297697,0.0,0.987961465438436,0.9225840032397415,200.2328704437241
cbam_unet_finetuned,cbam_unet,finetuned,SpheroSeg,653,0.9944414661635301,0.9837376504703729,0.9594112990987874,0.9699648650165852,0.9438999129798955,0.9699648650165852,0.9971325139895975,0.06135019164537151,0.3160208457151838,0.9907408339288052,0.963554034720276,200.2328704437241
cbam_unet_pretrained,cbam_unet,pretrained,DTS,366,0.9917005997537915,0.9670229646196454,0.9471740555974706,0.952892814324772,0.9182525142479021,0.952892814324772,0.9959642129167666,0.10607271198059175,0.0,0.9890535706944044,0.946817228975914,200.3015913069248
cbam_unet_pretrained,cbam_unet,pretrained,SpheroSeg,653,0.9942711746893469,0.9798313346432598,0.9627597205585133,0.969774950196705,0.9434652766821113,0.969774950196705,0.9965655626870801,0.0606527579185043,0.3500952773848813,0.9910602952415428,0.9641766059845156,200.30159130692476
resunet_small_finetuned,resunet_small,finetuned,DTS,366,0.9869690358313055,0.9496660121350922,0.9005778996523993,0.9141834263200297,0.8632017369032657,0.9141834263200297,0.995568407784866,0.16041661213526953,0.0,0.988619119878604,0.9063020406673739,57.98210745677352
resunet_small_finetuned,resunet_small,finetuned,SpheroSeg,653,0.9933709324227723,0.9849629937042856,0.9478116089913735,0.9640124788884827,0.9333599487457599,0.9640124788884827,0.9967224763482803,0.07007025597345519,0.4261783858642806,0.9910548106506628,0.9540906237473245,57.98210745677352
pspnet_new_finetuned,pspnet_new,finetuned,DTS,366,0.9862503249788545,0.948251212107005,0.915530002992225,0.9211315663084986,0.869568777991084,0.9211315663084986,0.9945275354386409,0.1474170637666793,0.0,0.9842620723491782,0.9242919492674055,46.642692727036774
pspnet_new_finetuned,pspnet_new,finetuned,SpheroSeg,653,0.9933931663244461,0.9835474804877471,0.940790183516269,0.9603235258156397,0.9260795792323153,0.9603235258156397,0.9980729692159449,0.06506858783693464,0.5320847345295663,0.9860226958206476,0.9469215499841532,46.642692727036774
pspnet_new_pretrained,pspnet_new,pretrained,DTS,366,0.9876600640719054,0.9500538600809666,0.9194888600868272,0.9225724487277676,0.873221792433666,0.9225724487277676,0.9943462418900151,0.15059870179659993,0.0006468003775915,0.9845520818443568,0.9226176806920072,46.51311156805605
pspnet_new_pretrained,pspnet_new,pretrained,SpheroSeg,653,0.9936113167685352,0.9843105243063599,0.9403006265285208,0.960740131312799,0.9262830210406895,0.960740131312799,0.9980073228089668,0.05751211545162046,0.618135080867589,0.986925004076671,0.9422256985982024,46.51311156805605
resunet_small_pretrained,resunet_small,pretrained,DTS,366,0.988119881009795,0.9644095311449463,0.9208705457589693,0.9357810571827792,0.8900938595075709,0.9357810571827792,0.9964745463883274,0.1224496202674731,0.0,0.9880741428290158,0.9291081252066504,57.98182994592935
resunet_small_pretrained,resunet_small,pretrained,SpheroSeg,653,0.9937027263787402,0.9904687160543364,0.937222518747543,0.9616694311970742,0.9287451131440173,0.9616694311970742,0.9983666737263289,0.06737479617649549,0.5427941962993312,0.9912091079406254,0.9495293690472866,57.98182994592935
hrnet_finetuned,hrnet,finetuned,DTS,366,0.988260386420078,0.9657751643282783,0.9104769958151212,0.9310412073081087,0.8834589406145484,0.9310412073081087,0.9960682861686994,0.1288105150016455,0.0,0.988952767444482,0.9221674442343819,26.88666633795947
hrnet_finetuned,hrnet,finetuned,SpheroSeg,653,0.993341786207868,0.9808679415425959,0.9494839697427242,0.9628047334489203,0.931559165892513,0.9628047334489203,0.996793003622007,0.07447185954147467,0.2884762709200911,0.990501988157872,0.9567036388402412,26.88666633795947
hrnet_pretrained,hrnet,pretrained,DTS,366,0.9899141905737705,0.9651372648322302,0.9360671975626245,0.9448513881554069,0.905530117056776,0.9448513881554069,0.9961160117021671,0.11929446462196909,0.0,0.989729067162602,0.9438380835247391,26.89350971020758
hrnet_pretrained,hrnet,pretrained,SpheroSeg,653,0.9932909669043641,0.9828433830034412,0.9430242511313762,0.9605899912435035,0.927456535932839,0.9605899912435035,0.9974073322647118,0.07469329154441663,0.2848625925707663,0.9900873218408764,0.9523452509254486,26.89350971020758
